Instagram handle,Instagram URL,E-mail contact (invullen als je ze herkent)
000000000000000.1.3,https://instagram.com/000000000000000.1.3,
030nadia,https://instagram.com/030nadia,
1b17,https://instagram.com/1b17,
3lain3koo,https://instagram.com/3lain3koo,
4444.cerise,https://instagram.com/4444.cerise,
4bro.hu,https://instagram.com/4bro.hu,
600.iso,https://instagram.com/600.iso,
_____yowitnessthis__22,https://instagram.com/_____yowitnessthis__22,
____chocolatecake,https://instagram.com/____chocolatecake,
____olinda,https://instagram.com/____olinda,
___alessandrapace____,https://instagram.com/___alessandrapace____,
___zonta___,https://instagram.com/___zonta___,
__m__r______,https://instagram.com/__m__r______,
_caat_24,https://instagram.com/_caat_24,
_chiaar_,https://instagram.com/_chiaar_,
_elirandahan,https://instagram.com/_elirandahan,
_gysbert,https://instagram.com/_gysbert,
_je_suis_lara_,https://instagram.com/_je_suis_lara_,
_johnnythornton,https://instagram.com/_johnnythornton,
_maysunshine_,https://instagram.com/_maysunshine_,
_nahreally_,https://instagram.com/_nahreally_,
_ntshsh_,https://instagram.com/_ntshsh_,
_philipgraves_,https://instagram.com/_philipgraves_,
_rodevo,https://instagram.com/_rodevo,
_sale14_,https://instagram.com/_sale14_,
_saskia_san,https://instagram.com/_saskia_san,
_sssa.aayyy.10_,https://instagram.com/_sssa.aayyy.10_,
_uglyaesthetic,https://instagram.com/_uglyaesthetic,
_unrealina,https://instagram.com/_unrealina,
_vinhi,https://instagram.com/_vinhi,
a_esthetlcs,https://instagram.com/a_esthetlcs,
aaura8.1,https://instagram.com/aaura8.1,
abbieloufowler,https://instagram.com/abbieloufowler,
achterbahn,https://instagram.com/achterbahn,
adams_ktrn,https://instagram.com/adams_ktrn,
adelyakhazieva,https://instagram.com/adelyakhazieva,
adi_hromic,https://instagram.com/adi_hromic,
adindadenneman,https://instagram.com/adindadenneman,
adrianabogdanova,https://instagram.com/adrianabogdanova,
adscite__,https://instagram.com/adscite__,
aeroplastics_gallery,https://instagram.com/aeroplastics_gallery,
affordableartfairsthlm,https://instagram.com/affordableartfairsthlm,
agvstin,https://instagram.com/agvstin,
aimeevanderspek,https://instagram.com/aimeevanderspek,
aimeirasema,https://instagram.com/aimeirasema,
aimnvds,https://instagram.com/aimnvds,
ajbilou_rosdorff,https://instagram.com/ajbilou_rosdorff,
ajilimea,https://instagram.com/ajilimea,
ajrhuizinga,https://instagram.com/ajrhuizinga,
akkemaymuriel,https://instagram.com/akkemaymuriel,
alain.amsterdam,https://instagram.com/alain.amsterdam,
alainverleysen,https://instagram.com/alainverleysen,
aleccrichton,https://instagram.com/aleccrichton,
aleclage,https://instagram.com/aleclage,
alejandralmeida,https://instagram.com/alejandralmeida,
alejandro.maldonado.art,https://instagram.com/alejandro.maldonado.art,
aleksa.goz,https://instagram.com/aleksa.goz,
aleksandrauhaneva,https://instagram.com/aleksandrauhaneva,
alenamalakhava,https://instagram.com/alenamalakhava,
alessandro_poggi,https://instagram.com/alessandro_poggi,
alex_street_photographer,https://instagram.com/alex_street_photographer,
alexanderblackberry,https://instagram.com/alexanderblackberry,
alexandriafinley,https://instagram.com/alexandriafinley,
alexvoinea_,https://instagram.com/alexvoinea_,
alf.moctezuma,https://instagram.com/alf.moctezuma,
algoode,https://instagram.com/algoode,
aliciajadeldn,https://instagram.com/aliciajadeldn,
alinaselivanova,https://instagram.com/alinaselivanova,
alineeikelboom,https://instagram.com/alineeikelboom,
alisa_danish,https://instagram.com/alisa_danish,
alixcamille,https://instagram.com/alixcamille,
alkhaidemanuel,https://instagram.com/alkhaidemanuel,
allcitytoy,https://instagram.com/allcitytoy,
allkick,https://instagram.com/allkick,
alwinpoiana,https://instagram.com/alwinpoiana,
amandine__piango,https://instagram.com/amandine__piango,
amber.victoria.haigh,https://instagram.com/amber.victoria.haigh,
ambervineyard,https://instagram.com/ambervineyard,
ambre__guerin_,https://instagram.com/ambre__guerin_,
amnaleesa,https://instagram.com/amnaleesa,
amsterdamcanals,https://instagram.com/amsterdamcanals,
anahellphotography,https://instagram.com/anahellphotography,
anais_enry,https://instagram.com/anais_enry,
anastasia.fedyushina,https://instagram.com/anastasia.fedyushina,
anastazja.malocha,https://instagram.com/anastazja.malocha,
andre.dmn_,https://instagram.com/andre.dmn_,
andre.ofner,https://instagram.com/andre.ofner,
andreaderkx,https://instagram.com/andreaderkx,
anemianemii,https://instagram.com/anemianemii,
ankatoy,https://instagram.com/ankatoy,
ankitatobit,https://instagram.com/ankitatobit,
anna_mistal,https://instagram.com/anna_mistal,
annablitzy,https://instagram.com/annablitzy,
annabunnylev,https://instagram.com/annabunnylev,
annacatherinemuse,https://instagram.com/annacatherinemuse,
annama.one,https://instagram.com/annama.one,
annapril_,https://instagram.com/annapril_,
annefloor_roosterman,https://instagram.com/annefloor_roosterman,
annegretkellner,https://instagram.com/annegretkellner,
anneivan,https://instagram.com/anneivan,
anneke_dekker_55,https://instagram.com/anneke_dekker_55,
annemarijnlouise,https://instagram.com/annemarijnlouise,
annettepfab,https://instagram.com/annettepfab,
annewilhokken,https://instagram.com/annewilhokken,
annuyashka,https://instagram.com/annuyashka,
anoukbuziau,https://instagram.com/anoukbuziau,
anoukvanraak,https://instagram.com/anoukvanraak,
anthony.varrecchia,https://instagram.com/anthony.varrecchia,
anushkakova_inst,https://instagram.com/anushkakova_inst,
anwarthedesigner,https://instagram.com/anwarthedesigner,
araki_the_cat,https://instagram.com/araki_the_cat,
ariel_bronz,https://instagram.com/ariel_bronz,
arielbendet,https://instagram.com/arielbendet,
ariescloverfield,https://instagram.com/ariescloverfield,
arnoudonline,https://instagram.com/arnoudonline,
arnoul_,https://instagram.com/arnoul_,
arodefuego_,https://instagram.com/arodefuego_,
arte____fact,https://instagram.com/arte____fact,
artietamicitiae,https://instagram.com/artietamicitiae,
artizians,https://instagram.com/artizians,
artmonday.cph,https://instagram.com/artmonday.cph,
artwithisa,https://instagram.com/artwithisa,
artyom.amelin,https://instagram.com/artyom.amelin,
ashkansahihi,https://instagram.com/ashkansahihi,
astridannavanrooij,https://instagram.com/astridannavanrooij,
asya_katsu,https://instagram.com/asya_katsu,
atelier_jamienee,https://instagram.com/atelier_jamienee,
atortimaggi,https://instagram.com/atortimaggi,
audiodoldoise,https://instagram.com/audiodoldoise,
autograff,https://instagram.com/autograff,
avdotiyaa,https://instagram.com/avdotiyaa,
aviram_carmeli,https://instagram.com/aviram_carmeli,
axaxaxmercury,https://instagram.com/axaxaxmercury,
azelinskie,https://instagram.com/azelinskie,
azitasain,https://instagram.com/azitasain,
bababumaye,https://instagram.com/bababumaye,
babyscorpions,https://instagram.com/babyscorpions,
badseedzine,https://instagram.com/badseedzine,
bando_maor,https://instagram.com/bando_maor,
baoyangzhao,https://instagram.com/baoyangzhao,
barbarabroekman,https://instagram.com/barbarabroekman,
barteld_jansen,https://instagram.com/barteld_jansen,
basvanriessen,https://instagram.com/basvanriessen,
be16tti,https://instagram.com/be16tti,
beatricecroce92,https://instagram.com/beatricecroce92,
beechnutz,https://instagram.com/beechnutz,
beertjevanbeers,https://instagram.com/beertjevanbeers,
belu_conde,https://instagram.com/belu_conde,
bendeboef,https://instagram.com/bendeboef,
bernoofficial,https://instagram.com/bernoofficial,
bessa.diogo,https://instagram.com/bessa.diogo,
bettyandfreddy,https://instagram.com/bettyandfreddy,
bibi_de_gatineau,https://instagram.com/bibi_de_gatineau,
bibijoan_,https://instagram.com/bibijoan_,
bibiunravels,https://instagram.com/bibiunravels,
billythebigkidd,https://instagram.com/billythebigkidd,
blahbamm,https://instagram.com/blahbamm,
blanchespeelman,https://instagram.com/blanchespeelman,
blandinelagoutte,https://instagram.com/blandinelagoutte,
blasfemiamag,https://instagram.com/blasfemiamag,
blendstories,https://instagram.com/blendstories,
boazprinzen,https://instagram.com/boazprinzen,
bobby0nguyen,https://instagram.com/bobby0nguyen,
bobbybrackins,https://instagram.com/bobbybrackins,
bobwaardenburg.393ad,https://instagram.com/bobwaardenburg.393ad,
boczkowska_,https://instagram.com/boczkowska_,
bonita.djugumovic,https://instagram.com/bonita.djugumovic,
bonjourdarina,https://instagram.com/bonjourdarina,
bonsjoerd,https://instagram.com/bonsjoerd,
boox.space,https://instagram.com/boox.space,
brandonleehoop,https://instagram.com/brandonleehoop,
brianventh,https://instagram.com/brianventh,
brightsidegallery,https://instagram.com/brightsidegallery,
briii.mannn,https://instagram.com/briii.mannn,
brillitos.medicen,https://instagram.com/brillitos.medicen,
brotundrosen,https://instagram.com/brotundrosen,
bruisje_b.ruiz,https://instagram.com/bruisje_b.ruiz,
brujaopala,https://instagram.com/brujaopala,
bruno_bont,https://instagram.com/bruno_bont,
brynjakula,https://instagram.com/brynjakula,
burcuuuvural,https://instagram.com/burcuuuvural,
byannabay,https://instagram.com/byannabay,
bykirstenvansanten,https://instagram.com/bykirstenvansanten,
c.risti.na,https://instagram.com/c.risti.na,
cactusjackthemovie,https://instagram.com/cactusjackthemovie,
caendles,https://instagram.com/caendles,
cafe_belgique,https://instagram.com/cafe_belgique,
cagedwilly,https://instagram.com/cagedwilly,
cal_green,https://instagram.com/cal_green,
calthalisa,https://instagram.com/calthalisa,
campclaude,https://instagram.com/campclaude,
capriceclaudel,https://instagram.com/capriceclaudel,
carlifromthegraveyard,https://instagram.com/carlifromthegraveyard,
carlos.jason.sanchez,https://instagram.com/carlos.jason.sanchez,
carmenschabracq,https://instagram.com/carmenschabracq,
caroleboinet,https://instagram.com/caroleboinet,
carolinemfrandsen,https://instagram.com/carolinemfrandsen,
carrasquermarcos,https://instagram.com/carrasquermarcos,
casper_prager,https://instagram.com/casper_prager,
casperbraat,https://instagram.com/casperbraat,
casperreinders,https://instagram.com/casperreinders,
cat_patat,https://instagram.com/cat_patat,
cateadriana,https://instagram.com/cateadriana,
catovandyck,https://instagram.com/catovandyck,
celikburcak,https://instagram.com/celikburcak,
cellardo0or,https://instagram.com/cellardo0or,
chajaluna,https://instagram.com/chajaluna,
chamal_drawing,https://instagram.com/chamal_drawing,
chantymaddoxnolten.private,https://instagram.com/chantymaddoxnolten.private,
charlemagneolivier,https://instagram.com/charlemagneolivier,
charlie.sauvage,https://instagram.com/charlie.sauvage,
charlottejollyderosnay,https://instagram.com/charlottejollyderosnay,
charlotteverdegaal,https://instagram.com/charlotteverdegaal,
charlottevlugt,https://instagram.com/charlottevlugt,
cheadsmagazine,https://instagram.com/cheadsmagazine,
chiaardepaar,https://instagram.com/chiaardepaar,
chilisaus.be,https://instagram.com/chilisaus.be,
chloe_._,https://instagram.com/chloe_._,
chrisclarkecc,https://instagram.com/chrisclarkecc,
chrisdacs,https://instagram.com/chrisdacs,
christabrouwer,https://instagram.com/christabrouwer,
christianvanduuren,https://instagram.com/christianvanduuren,
christina_anderson_mcdonald,https://instagram.com/christina_anderson_mcdonald,
christophe_rihet,https://instagram.com/christophe_rihet,
christosterzis,https://instagram.com/christosterzis,
chroniqueschroniques,https://instagram.com/chroniqueschroniques,
chrono_naut,https://instagram.com/chrono_naut,
chrysalid.art,https://instagram.com/chrysalid.art,
chucha_babuchina,https://instagram.com/chucha_babuchina,
cichv,https://instagram.com/cichv,
cillemarxx,https://instagram.com/cillemarxx,
cinnies______,https://instagram.com/cinnies______,
clairehoogakker,https://instagram.com/clairehoogakker,
claris_by_cla,https://instagram.com/claris_by_cla,
claudia_222_photo,https://instagram.com/claudia_222_photo,
clementine_bal,https://instagram.com/clementine_bal,
clodelle,https://instagram.com/clodelle,
clubmanhattan,https://instagram.com/clubmanhattan,
clubmiramira,https://instagram.com/clubmiramira,
clwndy,https://instagram.com/clwndy,
co_monroe,https://instagram.com/co_monroe,
coatofmanycolors,https://instagram.com/coatofmanycolors,
cocor._art,https://instagram.com/cocor._art,
color_war,https://instagram.com/color_war,
contemporaryartkeenenthusiast,https://instagram.com/contemporaryartkeenenthusiast,
corinnamwright,https://instagram.com/corinnamwright,
costanza.c.erc,https://instagram.com/costanza.c.erc,
coughing.adventurer,https://instagram.com/coughing.adventurer,
covagallery,https://instagram.com/covagallery,
coverjunkie,https://instagram.com/coverjunkie,
creativestudioamsterdam,https://instagram.com/creativestudioamsterdam,
criboch,https://instagram.com/criboch,
crisingro,https://instagram.com/crisingro,
cristelball,https://instagram.com/cristelball,
crls9,https://instagram.com/crls9,
crypticreefs,https://instagram.com/crypticreefs,
culottes.courtes,https://instagram.com/culottes.courtes,
curiousrexy,https://instagram.com/curiousrexy,
curtisblair,https://instagram.com/curtisblair,
cyricore,https://instagram.com/cyricore,
cyrildirectie,https://instagram.com/cyrildirectie,
czilerqa,https://instagram.com/czilerqa,
czoolia,https://instagram.com/czoolia,
d___lb,https://instagram.com/d___lb,
daantjebons,https://instagram.com/daantjebons,
daantjebons.backup,https://instagram.com/daantjebons.backup,
dagmar_van_ark,https://instagram.com/dagmar_van_ark,
daisymijnals,https://instagram.com/daisymijnals,
dajanahs,https://instagram.com/dajanahs,
damu.lee,https://instagram.com/damu.lee,
danielbehrendt_artist_,https://instagram.com/danielbehrendt_artist_,
danielefragalephotography,https://instagram.com/danielefragalephotography,
dannylavega,https://instagram.com/dannylavega,
dannyveekens,https://instagram.com/dannyveekens,
daphnebleeker,https://instagram.com/daphnebleeker,
daria.ierusalimova,https://instagram.com/daria.ierusalimova,
daria_m4k,https://instagram.com/daria_m4k,
dariaalex1,https://instagram.com/dariaalex1,
dariamgood,https://instagram.com/dariamgood,
darklunni,https://instagram.com/darklunni,
darksnowmagazine,https://instagram.com/darksnowmagazine,
das.gesicht,https://instagram.com/das.gesicht,
dastpics,https://instagram.com/dastpics,
david.equiza,https://instagram.com/david.equiza,
davidopfeestje,https://instagram.com/davidopfeestje,
davinadaville,https://instagram.com/davinadaville,
dayanaisadora,https://instagram.com/dayanaisadora,
de_xr_hete_klimaatkalender,https://instagram.com/de_xr_hete_klimaatkalender,
deadkangaroo,https://instagram.com/deadkangaroo,
debroervanroos,https://instagram.com/debroervanroos,
deedee.joy,https://instagram.com/deedee.joy,
deleenders,https://instagram.com/deleenders,
delisavos,https://instagram.com/delisavos,
denis.bondar,https://instagram.com/denis.bondar,
deniseheijtel,https://instagram.com/deniseheijtel,
deniserosenboom,https://instagram.com/deniserosenboom,
dennischreuder,https://instagram.com/dennischreuder,
dennisdiem,https://instagram.com/dennisdiem,
desireegerandinvec,https://instagram.com/desireegerandinvec,
desymons,https://instagram.com/desymons,
dewerf,https://instagram.com/dewerf,
dianairina_v,https://instagram.com/dianairina_v,
dianesagnier,https://instagram.com/dianesagnier,
didoaska,https://instagram.com/didoaska,
didofontana,https://instagram.com/didofontana,
dinaomarie,https://instagram.com/dinaomarie,
dinne.m,https://instagram.com/dinne.m,
dirtykeks,https://instagram.com/dirtykeks,
discodip,https://instagram.com/discodip,
ditarood,https://instagram.com/ditarood,
diva_meme_model,https://instagram.com/diva_meme_model,
djanpringels,https://instagram.com/djanpringels,
djbbq,https://instagram.com/djbbq,
djlisakaye,https://instagram.com/djlisakaye,
djoekegeijs,https://instagram.com/djoekegeijs,
djordylatumahina,https://instagram.com/djordylatumahina,
dnjansen,https://instagram.com/dnjansen,
dodo.doesit,https://instagram.com/dodo.doesit,
dpmugtattoo,https://instagram.com/dpmugtattoo,
dr_hanz_,https://instagram.com/dr_hanz_,
dragon.drog,https://instagram.com/dragon.drog,
dripsndots,https://instagram.com/dripsndots,
dudekpat,https://instagram.com/dudekpat,
dvdpdvn,https://instagram.com/dvdpdvn,
e_m_4_,https://instagram.com/e_m_4_,
edwardrivera2.0,https://instagram.com/edwardrivera2.0,
eelisaleksi,https://instagram.com/eelisaleksi,
eftrade,https://instagram.com/eftrade,
egomania.magazine,https://instagram.com/egomania.magazine,
eiaisaya,https://instagram.com/eiaisaya,
eitherorneithernora,https://instagram.com/eitherorneithernora,
ekebonbon,https://instagram.com/ekebonbon,
elaisaya,https://instagram.com/elaisaya,
elaverre,https://instagram.com/elaverre,
elenagiovanellii,https://instagram.com/elenagiovanellii,
elenakolyasova,https://instagram.com/elenakolyasova,
elenarudenkotwin,https://instagram.com/elenarudenkotwin,
eleo_noir_,https://instagram.com/eleo_noir_,
elina_zaykova,https://instagram.com/elina_zaykova,
elisevanstaveren,https://instagram.com/elisevanstaveren,
elizabethilsley,https://instagram.com/elizabethilsley,
eljefeprimosalsa,https://instagram.com/eljefeprimosalsa,
ella_nahmias,https://instagram.com/ella_nahmias,
ellaxnina,https://instagram.com/ellaxnina,
ellentendamme,https://instagram.com/ellentendamme,
ellenvanbennekom,https://instagram.com/ellenvanbennekom,
elviera.v,https://instagram.com/elviera.v,
em_and_dotty,https://instagram.com/em_and_dotty,
emanueleferrariph,https://instagram.com/emanueleferrariph,
embassyofart,https://instagram.com/embassyofart,
emilstaggemeier,https://instagram.com/emilstaggemeier,
emily.denton,https://instagram.com/emily.denton,
emmykoos,https://instagram.com/emmykoos,
eo_jimenez,https://instagram.com/eo_jimenez,
ephelis____,https://instagram.com/ephelis____,
erik_de_bree,https://instagram.com/erik_de_bree,
erikaaalarson,https://instagram.com/erikaaalarson,
eriktranberg,https://instagram.com/eriktranberg,
eskei83,https://instagram.com/eskei83,
esmeevdheijden_,https://instagram.com/esmeevdheijden_,
esthermunsters,https://instagram.com/esthermunsters,
eva.luwak,https://instagram.com/eva.luwak,
eva_selesin,https://instagram.com/eva_selesin,
evalagerweij,https://instagram.com/evalagerweij,
evant_garde,https://instagram.com/evant_garde,
evasimin,https://instagram.com/evasimin,
evavandermei,https://instagram.com/evavandermei,
evdlingen,https://instagram.com/evdlingen,
evdmagency,https://instagram.com/evdmagency,
eve_francois_stevens,https://instagram.com/eve_francois_stevens,
evertjakob,https://instagram.com/evertjakob,
everything_kills_2,https://instagram.com/everything_kills_2,
evitabroere,https://instagram.com/evitabroere,
exantres,https://instagram.com/exantres,
ezgibozkurt,https://instagram.com/ezgibozkurt,
fabienneattali,https://instagram.com/fabienneattali,
fabiokalosh,https://instagram.com/fabiokalosh,
fac.shop,https://instagram.com/fac.shop,
facelesshumanforms,https://instagram.com/facelesshumanforms,
fakelandscapes_,https://instagram.com/fakelandscapes_,
fannargudmundsson,https://instagram.com/fannargudmundsson,
fanongrey,https://instagram.com/fanongrey,
fashionphotolab,https://instagram.com/fashionphotolab,
fashionsolution,https://instagram.com/fashionsolution,
fate.lu,https://instagram.com/fate.lu,
fatimamessana,https://instagram.com/fatimamessana,
fausto_castellano,https://instagram.com/fausto_castellano,
fb69cologne,https://instagram.com/fb69cologne,
fedfac,https://instagram.com/fedfac,
femmeque,https://instagram.com/femmeque,
fenderhsu,https://instagram.com/fenderhsu,
fienploeger,https://instagram.com/fienploeger,
filthymouthcreative,https://instagram.com/filthymouthcreative,
finger223,https://instagram.com/finger223,
fiona_spits,https://instagram.com/fiona_spits,
fishhandelservaaszn,https://instagram.com/fishhandelservaaszn,
flamboyant_smits,https://instagram.com/flamboyant_smits,
flaviavillatore,https://instagram.com/flaviavillatore,
flaviavlltr,https://instagram.com/flaviavlltr,
fleursouverein,https://instagram.com/fleursouverein,
flipstert,https://instagram.com/flipstert,
flooronstein,https://instagram.com/flooronstein,
florenceclaire_com,https://instagram.com/florenceclaire_com,
florencevandehaar,https://instagram.com/florencevandehaar,
florianrenner,https://instagram.com/florianrenner,
florianstallinga,https://instagram.com/florianstallinga,
fooodiebyjudy,https://instagram.com/fooodiebyjudy,
frameproducts,https://instagram.com/frameproducts,
frankehollywood,https://instagram.com/frankehollywood,
frankvanroessel_art,https://instagram.com/frankvanroessel_art,
fransangle,https://instagram.com/fransangle,
frederiquescholtes,https://instagram.com/frederiquescholtes,
frisopoleij,https://instagram.com/frisopoleij,
frnck.jssld,https://instagram.com/frnck.jssld,
fsc.angel,https://instagram.com/fsc.angel,
fureur_et_mystere,https://instagram.com/fureur_et_mystere,
gaborski,https://instagram.com/gaborski,
gabriel_cinque5,https://instagram.com/gabriel_cinque5,
gala_lozynska,https://instagram.com/gala_lozynska,
galeriefleurenwouter,https://instagram.com/galeriefleurenwouter,
galeriemiajoosten,https://instagram.com/galeriemiajoosten,
gallerybedlam,https://instagram.com/gallerybedlam,
gallerycolor,https://instagram.com/gallerycolor,
gaston_wals,https://instagram.com/gaston_wals,
gatoxchild,https://instagram.com/gatoxchild,
gddss_lingerie,https://instagram.com/gddss_lingerie,
geertbroertjes,https://instagram.com/geertbroertjes,
geraldine_kemper,https://instagram.com/geraldine_kemper,
geraldodossantos.nl,https://instagram.com/geraldodossantos.nl,
gerard_margaritis,https://instagram.com/gerard_margaritis,
gg__lotta,https://instagram.com/gg__lotta,
gi_spreafico,https://instagram.com/gi_spreafico,
gingerrrrrrr,https://instagram.com/gingerrrrrrr,
giorgio.carbonara,https://instagram.com/giorgio.carbonara,
giovannaverzieri,https://instagram.com/giovannaverzieri,
giovannivarlonga,https://instagram.com/giovannivarlonga,
give_me_mor_,https://instagram.com/give_me_mor_,
glitch_babe_,https://instagram.com/glitch_babe_,
glorioussound,https://instagram.com/glorioussound,
godshotdenim,https://instagram.com/godshotdenim,
golabagency,https://instagram.com/golabagency,
gosergo,https://instagram.com/gosergo,
graphicsurgery,https://instagram.com/graphicsurgery,
greedeepeedee,https://instagram.com/greedeepeedee,
greenisgolden.co,https://instagram.com/greenisgolden.co,
gregmack,https://instagram.com/gregmack,
groovyloff,https://instagram.com/groovyloff,
grrracja,https://instagram.com/grrracja,
guglielmijn,https://instagram.com/guglielmijn,
guillespania.fotografia,https://instagram.com/guillespania.fotografia,
guns_hott,https://instagram.com/guns_hott,
gwenaellemm,https://instagram.com/gwenaellemm,
gwenvanderzwan,https://instagram.com/gwenvanderzwan,
gwenventura,https://instagram.com/gwenventura,
hadarkel,https://instagram.com/hadarkel,
hanna.sturm,https://instagram.com/hanna.sturm,
hannelore.vandenbussche,https://instagram.com/hannelore.vandenbussche,
hansvanbentem,https://instagram.com/hansvanbentem,
harmenmeinsma,https://instagram.com/harmenmeinsma,
heavnly_elf,https://instagram.com/heavnly_elf,
hedwichrooks,https://instagram.com/hedwichrooks,
hedwig_of_silesia,https://instagram.com/hedwig_of_silesia,
hegyy,https://instagram.com/hegyy,
hekster,https://instagram.com/hekster,
helenakailolavanderveen,https://instagram.com/helenakailolavanderveen,
helenaurban,https://instagram.com/helenaurban,
heleneselter,https://instagram.com/heleneselter,
helloinge,https://instagram.com/helloinge,
hellomiramira,https://instagram.com/hellomiramira,
helm.and.anchor,https://instagram.com/helm.and.anchor,
hersxnt,https://instagram.com/hersxnt,
heshamabdelmotaleb,https://instagram.com/heshamabdelmotaleb,
het_kunstgemaal,https://instagram.com/het_kunstgemaal,
hey_chlo_,https://instagram.com/hey_chlo_,
heyitseliotruiz,https://instagram.com/heyitseliotruiz,
hiddepheill,https://instagram.com/hiddepheill,
hilardumen,https://instagram.com/hilardumen,
hoejfeldt,https://instagram.com/hoejfeldt,
holly.horne,https://instagram.com/holly.horne,
hollyrosemodel,https://instagram.com/hollyrosemodel,
holyscrap_handmade_furniture,https://instagram.com/holyscrap_handmade_furniture,
hometown_hobo,https://instagram.com/hometown_hobo,
hotel_not_hotel,https://instagram.com/hotel_not_hotel,
howlingrev,https://instagram.com/howlingrev,
htnkamsterdam,https://instagram.com/htnkamsterdam,
hushhushhotsauce,https://instagram.com/hushhushhotsauce,
hyper.versee,https://instagram.com/hyper.versee,
iakahkonen,https://instagram.com/iakahkonen,
iam.emanuela,https://instagram.com/iam.emanuela,
iamdickster,https://instagram.com/iamdickster,
iamdobrawa,https://instagram.com/iamdobrawa,
iammissmarika,https://instagram.com/iammissmarika,
iamnotlucylu,https://instagram.com/iamnotlucylu,
iditherman,https://instagram.com/iditherman,
idlasernl,https://instagram.com/idlasernl,
idstephaniehartman,https://instagram.com/idstephaniehartman,
idstorehaarlem,https://instagram.com/idstorehaarlem,
ifabrand,https://instagram.com/ifabrand,
igorskaletsky,https://instagram.com/igorskaletsky,
iiinky420,https://instagram.com/iiinky420,
ik.heet.lotte,https://instagram.com/ik.heet.lotte,
ilinca_stanciu,https://instagram.com/ilinca_stanciu,
ilja_keizer,https://instagram.com/ilja_keizer,
ima.kosher.catering,https://instagram.com/ima.kosher.catering,
ines_dantas,https://instagram.com/ines_dantas,
infaaame,https://instagram.com/infaaame,
inge_wikkeld,https://instagram.com/inge_wikkeld,
interestingintersections,https://instagram.com/interestingintersections,
ioanabrn,https://instagram.com/ioanabrn,
ionaselig,https://instagram.com/ionaselig,
iraidassoul,https://instagram.com/iraidassoul,
irisdonkeriris,https://instagram.com/irisdonkeriris,
irisduvekot_photography,https://instagram.com/irisduvekot_photography,
isabel_suqi,https://instagram.com/isabel_suqi,
isaluna_schulte,https://instagram.com/isaluna_schulte,
isalunas_singing_account,https://instagram.com/isalunas_singing_account,
isibelllita,https://instagram.com/isibelllita,
isidora_blu,https://instagram.com/isidora_blu,
its_smashley,https://instagram.com/its_smashley,
itsalrightwerealright,https://instagram.com/itsalrightwerealright,
itstheexpert,https://instagram.com/itstheexpert,
itsyanivcohen,https://instagram.com/itsyanivcohen,
ivyknock,https://instagram.com/ivyknock,
izzi_label,https://instagram.com/izzi_label,
jackymadu,https://instagram.com/jackymadu,
jackzwennes,https://instagram.com/jackzwennes,
jaclynslimm,https://instagram.com/jaclynslimm,
jacquelineguelli,https://instagram.com/jacquelineguelli,
jainfellain,https://instagram.com/jainfellain,
jaiwopwop,https://instagram.com/jaiwopwop,
jakusui.visuals,https://instagram.com/jakusui.visuals,
jamesbeddoesphoto,https://instagram.com/jamesbeddoesphoto,
jan_malinowski,https://instagram.com/jan_malinowski,
janeleforte,https://instagram.com/janeleforte,
janine_schultink,https://instagram.com/janine_schultink,
jankobosch,https://instagram.com/jankobosch,
janneke_kn,https://instagram.com/janneke_kn,
jansen_claudia,https://instagram.com/jansen_claudia,
janvanendert,https://instagram.com/janvanendert,
janwillemdeman,https://instagram.com/janwillemdeman,
jasmindjerzic,https://instagram.com/jasmindjerzic,
javerver,https://instagram.com/javerver,
jeanimhengelmolen,https://instagram.com/jeanimhengelmolen,
jeaninetebbe,https://instagram.com/jeaninetebbe,
jeannetteapaillette,https://instagram.com/jeannetteapaillette,
jeanthewriter,https://instagram.com/jeanthewriter,
jelena.stylist,https://instagram.com/jelena.stylist,
jennifer.jp.pugh,https://instagram.com/jennifer.jp.pugh,
jeroendgrf,https://instagram.com/jeroendgrf,
jeroenluijtphoto,https://instagram.com/jeroenluijtphoto,
jeromejacobs_aeroplastics,https://instagram.com/jeromejacobs_aeroplastics,
jescalemmens,https://instagram.com/jescalemmens,
jesse.newwwhouse,https://instagram.com/jesse.newwwhouse,
jessicadigi,https://instagram.com/jessicadigi,
jessicamalafouris,https://instagram.com/jessicamalafouris,
jessmachencreative,https://instagram.com/jessmachencreative,
jesssalexa,https://instagram.com/jesssalexa,
jimwitte,https://instagram.com/jimwitte,
jitskenap,https://instagram.com/jitskenap,
jjrietveld,https://instagram.com/jjrietveld,
joelvalabrega,https://instagram.com/joelvalabrega,
joerileblanc,https://instagram.com/joerileblanc,
joeyw____,https://instagram.com/joeyw____,
joffreybreeuwer,https://instagram.com/joffreybreeuwer,
johan__kleinjan,https://instagram.com/johan__kleinjan,
johfaye,https://instagram.com/johfaye,
jonnahbron,https://instagram.com/jonnahbron,
jopoffew,https://instagram.com/jopoffew,
jordan.blumenfeld,https://instagram.com/jordan.blumenfeld,
jorgruis,https://instagram.com/jorgruis,
jorreboth,https://instagram.com/jorreboth,
jos.jacob,https://instagram.com/jos.jacob,
josetoro.0,https://instagram.com/josetoro.0,
josilda_da_conceicao_gallery,https://instagram.com/josilda_da_conceicao_gallery,
jostvandyke_,https://instagram.com/jostvandyke_,
joyanjes,https://instagram.com/joyanjes,
joycekaffa,https://instagram.com/joycekaffa,
jpekker,https://instagram.com/jpekker,
juan_delo,https://instagram.com/juan_delo,
judith_osborn,https://instagram.com/judith_osborn,
judithsiemons,https://instagram.com/judithsiemons,
judy_s_,https://instagram.com/judy_s_,
juleohara,https://instagram.com/juleohara,
juliamartinssimons,https://instagram.com/juliamartinssimons,
julian.pechler,https://instagram.com/julian.pechler,
julie.de.cuir,https://instagram.com/julie.de.cuir,
julienmouffron,https://instagram.com/julienmouffron,
juniorvnkln,https://instagram.com/juniorvnkln,
junkydreams,https://instagram.com/junkydreams,
jurriaan.blend,https://instagram.com/jurriaan.blend,
justaddsoda,https://instagram.com/justaddsoda,
justineelizabethmattera,https://instagram.com/justineelizabethmattera,
justmati.ja,https://instagram.com/justmati.ja,
k.papadoukas,https://instagram.com/k.papadoukas,
kamphorstrotterdam,https://instagram.com/kamphorstrotterdam,
karisscraig,https://instagram.com/karisscraig,
karlito.bandito,https://instagram.com/karlito.bandito,
karma_she,https://instagram.com/karma_she,
karolgrygoruk,https://instagram.com/karolgrygoruk,
karolinascipniak,https://instagram.com/karolinascipniak,
kasianotkash,https://instagram.com/kasianotkash,
katharina_arndt_berlin,https://instagram.com/katharina_arndt_berlin,
katty_verse,https://instagram.com/katty_verse,
kavelaarsoms,https://instagram.com/kavelaarsoms,
keesfoekema,https://instagram.com/keesfoekema,
keijserskoning,https://instagram.com/keijserskoning,
kellerkirsten,https://instagram.com/kellerkirsten,
kennethyp,https://instagram.com/kennethyp,
kers_gallery,https://instagram.com/kers_gallery,
kevinbaconbar,https://instagram.com/kevinbaconbar,
kevinbaconrotterdam,https://instagram.com/kevinbaconrotterdam,
kevinma1987,https://instagram.com/kevinma1987,
kiev.ro,https://instagram.com/kiev.ro,
kikelmask,https://instagram.com/kikelmask,
kilianbellil,https://instagram.com/kilianbellil,
kirsten_telfer_beith,https://instagram.com/kirsten_telfer_beith,
kngs,https://instagram.com/kngs,
kollarviola,https://instagram.com/kollarviola,
korbinianvogt,https://instagram.com/korbinianvogt,
korreltjezoutmedia,https://instagram.com/korreltjezoutmedia,
kotryna___b,https://instagram.com/kotryna___b,
krek.jpg,https://instagram.com/krek.jpg,
krijnkroes,https://instagram.com/krijnkroes,
kristianvonhornsleth,https://instagram.com/kristianvonhornsleth,
krisvdvijver,https://instagram.com/krisvdvijver,
krisztinaczika,https://instagram.com/krisztinaczika,
krovavaya___,https://instagram.com/krovavaya___,
ksmirnoff,https://instagram.com/ksmirnoff,
kunnahaan,https://instagram.com/kunnahaan,
kuprinyan,https://instagram.com/kuprinyan,
kurtcomorita,https://instagram.com/kurtcomorita,
labyrinthamsterdam,https://instagram.com/labyrinthamsterdam,
lachelledechesne,https://instagram.com/lachelledechesne,
ladik1,https://instagram.com/ladik1,
lafilledo,https://instagram.com/lafilledo,
lafiqienrose,https://instagram.com/lafiqienrose,
lagnoccachemangia,https://instagram.com/lagnoccachemangia,
lamesuretraiteur,https://instagram.com/lamesuretraiteur,
lana_obodyanskaya,https://instagram.com/lana_obodyanskaya,
land_breakers,https://instagram.com/land_breakers,
lanita.lfl,https://instagram.com/lanita.lfl,
lanxiangvermeulen,https://instagram.com/lanxiangvermeulen,
lao_xie_xie,https://instagram.com/lao_xie_xie,
larsbotten,https://instagram.com/larsbotten,
larswestra,https://instagram.com/larswestra,
last.night.i.dreamt,https://instagram.com/last.night.i.dreamt,
laurabliekyoga,https://instagram.com/laurabliekyoga,
laurashamailova,https://instagram.com/laurashamailova,
laurienvvugt,https://instagram.com/laurienvvugt,
lavale.b,https://instagram.com/lavale.b,
laylaoresme,https://instagram.com/laylaoresme,
lbtweets,https://instagram.com/lbtweets,
leahschrager,https://instagram.com/leahschrager,
leicastorelisse,https://instagram.com/leicastorelisse,
lena_eiram,https://instagram.com/lena_eiram,
lenaluga,https://instagram.com/lenaluga,
lennycrabbe,https://instagram.com/lennycrabbe,
lentemeisje,https://instagram.com/lentemeisje,
leomira__,https://instagram.com/leomira__,
leomonira,https://instagram.com/leomonira,
leoparkpictures,https://instagram.com/leoparkpictures,
leosnavel,https://instagram.com/leosnavel,
lepetitvoyeur,https://instagram.com/lepetitvoyeur,
leragodgiven,https://instagram.com/leragodgiven,
les.epaves,https://instagram.com/les.epaves,
lia.botticelli,https://instagram.com/lia.botticelli,
lianlloyd.schreuder,https://instagram.com/lianlloyd.schreuder,
lila_dewitt,https://instagram.com/lila_dewitt,
liliedenn,https://instagram.com/liliedenn,
lillaobendorfer,https://instagram.com/lillaobendorfer,
lily.houben,https://instagram.com/lily.houben,
lilynicolejay,https://instagram.com/lilynicolejay,
limagerie,https://instagram.com/limagerie,
lin.mish,https://instagram.com/lin.mish,
lindaambrosia,https://instagram.com/lindaambrosia,
lindabrouwerinsta,https://instagram.com/lindabrouwerinsta,
lindapoetoehena,https://instagram.com/lindapoetoehena,
lindastulic,https://instagram.com/lindastulic,
lindavisser,https://instagram.com/lindavisser,
lipa_art_collection,https://instagram.com/lipa_art_collection,
lis.jaa,https://instagram.com/lis.jaa,
lisetteros,https://instagram.com/lisetteros,
littlemissmisfit,https://instagram.com/littlemissmisfit,
liu__mh,https://instagram.com/liu__mh,
livdeville666,https://instagram.com/livdeville666,
livhenderix,https://instagram.com/livhenderix,
llvde,https://instagram.com/llvde,
locomiar,https://instagram.com/locomiar,
lodewijkkeulen,https://instagram.com/lodewijkkeulen,
lolasview,https://instagram.com/lolasview,
lolaviande,https://instagram.com/lolaviande,
lost.inthis.world,https://instagram.com/lost.inthis.world,
lotbrons,https://instagram.com/lotbrons,
lotjesinger,https://instagram.com/lotjesinger,
lotte_schut_,https://instagram.com/lotte_schut_,
lottedale,https://instagram.com/lottedale,
lottevwinkelhoff,https://instagram.com/lottevwinkelhoff,
louis.brgt,https://instagram.com/louis.brgt,
loutje_hoekstra,https://instagram.com/loutje_hoekstra,
lttramsterdam,https://instagram.com/lttramsterdam,
lucabuoncristiano,https://instagram.com/lucabuoncristiano,
luciaalauy_,https://instagram.com/luciaalauy_,
luka.lisa,https://instagram.com/luka.lisa,
lukeryba,https://instagram.com/lukeryba,
lululasepulcri,https://instagram.com/lululasepulcri,
lumst,https://instagram.com/lumst,
lumstudioz,https://instagram.com/lumstudioz,
lunablue007,https://instagram.com/lunablue007,
lunadevittorio,https://instagram.com/lunadevittorio,
lunalaila77,https://instagram.com/lunalaila77,
luukbode,https://instagram.com/luukbode,
luukvdbroek,https://instagram.com/luukvdbroek,
m.m.m.a.a.a.r.r.r.t.t.t,https://instagram.com/m.m.m.a.a.a.r.r.r.t.t.t,
m.tajfarr,https://instagram.com/m.tajfarr,
m_unisa,https://instagram.com/m_unisa,
maartenrots,https://instagram.com/maartenrots,
madeliefvmontfort,https://instagram.com/madeliefvmontfort,
madoxofficial,https://instagram.com/madoxofficial,
maggy_tuyp,https://instagram.com/maggy_tuyp,
mahoganyintl,https://instagram.com/mahoganyintl,
maisonartc,https://instagram.com/maisonartc,
maisoncleo,https://instagram.com/maisoncleo,
maja.jpeg,https://instagram.com/maja.jpeg,
majkehusstege,https://instagram.com/majkehusstege,
majkehusstegeprojects,https://instagram.com/majkehusstegeprojects,
major_grego_,https://instagram.com/major_grego_,
maluolmos,https://instagram.com/maluolmos,
manikhin,https://instagram.com/manikhin,
mannish_pixel,https://instagram.com/mannish_pixel,
manuelpandalis,https://instagram.com/manuelpandalis,
marasaporedimare,https://instagram.com/marasaporedimare,
marcastanedo_model,https://instagram.com/marcastanedo_model,
marcelswann,https://instagram.com/marcelswann,
marcusdemanky,https://instagram.com/marcusdemanky,
marektischler,https://instagram.com/marektischler,
margrietplanting,https://instagram.com/margrietplanting,
mariekedekker,https://instagram.com/mariekedekker,
mariettehoitink,https://instagram.com/mariettehoitink,
mariettevbc,https://instagram.com/mariettevbc,
mariewanders,https://instagram.com/mariewanders,
marilebones_again.and.again,https://instagram.com/marilebones_again.and.again,
marinasmith_studio,https://instagram.com/marinasmith_studio,
marioflores.uwu,https://instagram.com/marioflores.uwu,
marjoke_plijnaer,https://instagram.com/marjoke_plijnaer,
marjoleinklip,https://instagram.com/marjoleinklip,
marjoleinknottenbelt,https://instagram.com/marjoleinknottenbelt,
marjoleinspronk,https://instagram.com/marjoleinspronk,
mark_peet_visser,https://instagram.com/mark_peet_visser,
markmeijering,https://instagram.com/markmeijering,
marksturkenboom,https://instagram.com/marksturkenboom,
markusa_photo,https://instagram.com/markusa_photo,
markvanovereem,https://instagram.com/markvanovereem,
marloesvvugt,https://instagram.com/marloesvvugt,
marlousdirks,https://instagram.com/marlousdirks,
marlyzw,https://instagram.com/marlyzw,
marsevrin,https://instagram.com/marsevrin,
martijndc_,https://instagram.com/martijndc_,
martilde.f,https://instagram.com/martilde.f,
masha_gurova,https://instagram.com/masha_gurova,
mastergoodmarta,https://instagram.com/mastergoodmarta,
matilda.store,https://instagram.com/matilda.store,
matteogalvanone,https://instagram.com/matteogalvanone,
matthieujansen,https://instagram.com/matthieujansen,
mattresses_of_amsterdam,https://instagram.com/mattresses_of_amsterdam,
maud_fernhout,https://instagram.com/maud_fernhout,
maudy_alferink,https://instagram.com/maudy_alferink,
maureenangelica,https://instagram.com/maureenangelica,
maureenschoonheyt,https://instagram.com/maureenschoonheyt,
maxera.mask,https://instagram.com/maxera.mask,
maximedewaal,https://instagram.com/maximedewaal,
maxsmarvin,https://instagram.com/maxsmarvin,
mayamelison,https://instagram.com/mayamelison,
maydien,https://instagram.com/maydien,
mayulh,https://instagram.com/mayulh,
me.the.aeon,https://instagram.com/me.the.aeon,
me_and_my_dollfriend,https://instagram.com/me_and_my_dollfriend,
meanderingfigure,https://instagram.com/meanderingfigure,
medusamedusa.official,https://instagram.com/medusamedusa.official,
meganvannoord,https://instagram.com/meganvannoord,
melattischeffer,https://instagram.com/melattischeffer,
meliyaffa,https://instagram.com/meliyaffa,
melkwegexpo,https://instagram.com/melkwegexpo,
merante_tamar,https://instagram.com/merante_tamar,
merelnoorlander_studio,https://instagram.com/merelnoorlander_studio,
merijnkavelaars,https://instagram.com/merijnkavelaars,
mertensframes,https://instagram.com/mertensframes,
mettemarloon,https://instagram.com/mettemarloon,
mg88888888811,https://instagram.com/mg88888888811,
miamatixx,https://instagram.com/miamatixx,
michele_baron_,https://instagram.com/michele_baron_,
michellevdijk,https://instagram.com/michellevdijk,
michellevossen_,https://instagram.com/michellevossen_,
michiel.de,https://instagram.com/michiel.de,
michiellieuwma,https://instagram.com/michiellieuwma,
miekedevlieger,https://instagram.com/miekedevlieger,
mierijn,https://instagram.com/mierijn,
migrant_bird_space,https://instagram.com/migrant_bird_space,
milletsara.lin,https://instagram.com/milletsara.lin,
minigalerie,https://instagram.com/minigalerie,
mira_buus,https://instagram.com/mira_buus,
mirjamvreeswijk,https://instagram.com/mirjamvreeswijk,
miroarva,https://instagram.com/miroarva,
mirtel_bloom,https://instagram.com/mirtel_bloom,
mirtelbloom_off,https://instagram.com/mirtelbloom_off,
misha_solarski,https://instagram.com/misha_solarski,
miss.umeshu,https://instagram.com/miss.umeshu,
miss_olii,https://instagram.com/miss_olii,
miss_tessure,https://instagram.com/miss_tessure,
miss_wolfs13,https://instagram.com/miss_wolfs13,
missbrie84,https://instagram.com/missbrie84,
mitchellyard,https://instagram.com/mitchellyard,
mitsygroenendijk,https://instagram.com/mitsygroenendijk,
mkissov,https://instagram.com/mkissov,
mlssvnbk,https://instagram.com/mlssvnbk,
mmfhendrix,https://instagram.com/mmfhendrix,
moi_c_jacquess,https://instagram.com/moi_c_jacquess,
monday.studio.cph,https://instagram.com/monday.studio.cph,
mondoswim,https://instagram.com/mondoswim,
monikajagg,https://instagram.com/monikajagg,
monique_._rodriguez,https://instagram.com/monique_._rodriguez,
moodringboutique,https://instagram.com/moodringboutique,
moontheraga,https://instagram.com/moontheraga,
moor_wouter,https://instagram.com/moor_wouter,
mottzaki,https://instagram.com/mottzaki,
movanha,https://instagram.com/movanha,
mr_willogram,https://instagram.com/mr_willogram,
mrnamsa,https://instagram.com/mrnamsa,
mrnickallen,https://instagram.com/mrnickallen,
mrtheyoung,https://instagram.com/mrtheyoung,
mrwhite_,https://instagram.com/mrwhite_,
mundofoodandco,https://instagram.com/mundofoodandco,
museumsandmore,https://instagram.com/museumsandmore,
mycameramyrules,https://instagram.com/mycameramyrules,
myschaoreo,https://instagram.com/myschaoreo,
naar.official,https://instagram.com/naar.official,
nachomirandaaa,https://instagram.com/nachomirandaaa,
nadialeecohen,https://instagram.com/nadialeecohen,
nadinevanasbeck,https://instagram.com/nadinevanasbeck,
nadjacat_,https://instagram.com/nadjacat_,
nadjafelk,https://instagram.com/nadjafelk,
napierestate,https://instagram.com/napierestate,
nardeccs,https://instagram.com/nardeccs,
nastia_svoboda,https://instagram.com/nastia_svoboda,
nastya2kor,https://instagram.com/nastya2kor,
nastya_khoreva,https://instagram.com/nastya_khoreva,
nata_miay,https://instagram.com/nata_miay,
nataliaparisartist,https://instagram.com/nataliaparisartist,
natassia_jordan,https://instagram.com/natassia_jordan,
nathaliedreier_,https://instagram.com/nathaliedreier_,
nathaniel_feldmann,https://instagram.com/nathaniel_feldmann,
natportnoy,https://instagram.com/natportnoy,
nausicaa_yami_,https://instagram.com/nausicaa_yami_,
netayazuriel,https://instagram.com/netayazuriel,
nettagold_,https://instagram.com/nettagold_,
nevrasth3nia,https://instagram.com/nevrasth3nia,
newdawnpaper,https://instagram.com/newdawnpaper,
nickverstand,https://instagram.com/nickverstand,
nicolafavaron,https://instagram.com/nicolafavaron,
nicolineaagesen,https://instagram.com/nicolineaagesen,
niels_diep,https://instagram.com/niels_diep,
nietbertmeester,https://instagram.com/nietbertmeester,
nika_khabora,https://instagram.com/nika_khabora,
nikki_kirpestein,https://instagram.com/nikki_kirpestein,
nikolaevna_c,https://instagram.com/nikolaevna_c,
nikvestberg,https://instagram.com/nikvestberg,
ninjahuang,https://instagram.com/ninjahuang,
nishataragautam,https://instagram.com/nishataragautam,
no.one.to.some.one,https://instagram.com/no.one.to.some.one,
noahsteenbruggen,https://instagram.com/noahsteenbruggen,
noelloozen,https://instagram.com/noelloozen,
noenskii,https://instagram.com/noenskii,
noesjka,https://instagram.com/noesjka,
noirtopia,https://instagram.com/noirtopia,
nomansart,https://instagram.com/nomansart,
nondegene,https://instagram.com/nondegene,
noordeboer,https://instagram.com/noordeboer,
norahayleen,https://instagram.com/norahayleen,
notsoyounganymoregirlyassysalt,https://instagram.com/notsoyounganymoregirlyassysalt,
noukie.nouk,https://instagram.com/noukie.nouk,
nouveaunoirphoto,https://instagram.com/nouveaunoirphoto,
noyaatias,https://instagram.com/noyaatias,
nuleelu,https://instagram.com/nuleelu,
numbabynasty,https://instagram.com/numbabynasty,
nurigolightly,https://instagram.com/nurigolightly,
octobrutalism,https://instagram.com/octobrutalism,
odd.estgoddess,https://instagram.com/odd.estgoddess,
odiemabb,https://instagram.com/odiemabb,
ohyourina,https://instagram.com/ohyourina,
oldreboot,https://instagram.com/oldreboot,
olessyavitsko,https://instagram.com/olessyavitsko,
olgaverheijden,https://instagram.com/olgaverheijden,
olympianheaven,https://instagram.com/olympianheaven,
omgdlb,https://instagram.com/omgdlb,
onedaymarketamsterdam,https://instagram.com/onedaymarketamsterdam,
onnohesselink,https://instagram.com/onnohesselink,
orpheojungst,https://instagram.com/orpheojungst,
oscarconfetti,https://instagram.com/oscarconfetti,
osgoodfielding,https://instagram.com/osgoodfielding,
oxanabulyga,https://instagram.com/oxanabulyga,
paat,https://instagram.com/paat,
pablolucker,https://instagram.com/pablolucker,
pagadnet,https://instagram.com/pagadnet,
palmbeach666,https://instagram.com/palmbeach666,
pamentim,https://instagram.com/pamentim,
paolocolaiocco,https://instagram.com/paolocolaiocco,
partisanvodka,https://instagram.com/partisanvodka,
parto_allios,https://instagram.com/parto_allios,
partyprovider,https://instagram.com/partyprovider,
pasajero.en_trance,https://instagram.com/pasajero.en_trance,
patrickowenphoto,https://instagram.com/patrickowenphoto,
patty_morgan,https://instagram.com/patty_morgan,
paul____young,https://instagram.com/paul____young,
paul__young,https://instagram.com/paul__young,
paul_de_jongh,https://instagram.com/paul_de_jongh,
paulekaitz,https://instagram.com/paulekaitz,
paulvandenbiesen,https://instagram.com/paulvandenbiesen,
pavel_e_shev,https://instagram.com/pavel_e_shev,
pdebruijne,https://instagram.com/pdebruijne,
pedrocorreia0,https://instagram.com/pedrocorreia0,
peekabootje,https://instagram.com/peekabootje,
peterdekok,https://instagram.com/peterdekok,
petervanrhoon,https://instagram.com/petervanrhoon,
philipp_gladsome,https://instagram.com/philipp_gladsome,
philippklak,https://instagram.com/philippklak,
photobookstore.nl,https://instagram.com/photobookstore.nl,
photofaust,https://instagram.com/photofaust,
piacoops,https://instagram.com/piacoops,
pieromigailo_snp,https://instagram.com/pieromigailo_snp,
pietraligura,https://instagram.com/pietraligura,
piligonzalezprieto,https://instagram.com/piligonzalezprieto,
pim.wav,https://instagram.com/pim.wav,
pinopipoli,https://instagram.com/pinopipoli,
pirozhnikov_dmitry,https://instagram.com/pirozhnikov_dmitry,
pkhjimh,https://instagram.com/pkhjimh,
platinumsurprise,https://instagram.com/platinumsurprise,
platvorm_projectspace,https://instagram.com/platvorm_projectspace,
play_eva,https://instagram.com/play_eva,
poepel,https://instagram.com/poepel,
poko_cox,https://instagram.com/poko_cox,
popelcoumou,https://instagram.com/popelcoumou,
post.wstyd,https://instagram.com/post.wstyd,
priscillalacle,https://instagram.com/priscillalacle,
puglovesart,https://instagram.com/puglovesart,
purephotography_by_ioannis,https://instagram.com/purephotography_by_ioannis,
qiuna21,https://instagram.com/qiuna21,
qlickgallery,https://instagram.com/qlickgallery,
qottonz,https://instagram.com/qottonz,
r_entboy,https://instagram.com/r_entboy,
rabiaomanette,https://instagram.com/rabiaomanette,
racheltauwnaar,https://instagram.com/racheltauwnaar,
rachid_assoui,https://instagram.com/rachid_assoui,
rademakersgallery,https://instagram.com/rademakersgallery,
raevm,https://instagram.com/raevm,
raffihenderix,https://instagram.com/raffihenderix,
ramonarey_official,https://instagram.com/ramonarey_official,
rasha_saafan,https://instagram.com/rasha_saafan,
raymondvanmil,https://instagram.com/raymondvanmil,
rcx.moment,https://instagram.com/rcx.moment,
relson__,https://instagram.com/relson__,
remember_paper,https://instagram.com/remember_paper,
renatrixx,https://instagram.com/renatrixx,
resuermagazine,https://instagram.com/resuermagazine,
rexindustries,https://instagram.com/rexindustries,
rheanna.d,https://instagram.com/rheanna.d,
rick_tegelaar,https://instagram.com/rick_tegelaar,
riel.life,https://instagram.com/riel.life,
rightspirits,https://instagram.com/rightspirits,
rijntjevanwijk,https://instagram.com/rijntjevanwijk,
rima.zamzam,https://instagram.com/rima.zamzam,
rimmakim,https://instagram.com/rimmakim,
robbertvos,https://instagram.com/robbertvos,
robertodejong,https://instagram.com/robertodejong,
robin_janse_,https://instagram.com/robin_janse_,
robklijsen,https://instagram.com/robklijsen,
robnyx,https://instagram.com/robnyx,
roderickdelivarot,https://instagram.com/roderickdelivarot,
rodrigofiallega,https://instagram.com/rodrigofiallega,
rogierdonker,https://instagram.com/rogierdonker,
roji___house,https://instagram.com/roji___house,
romie_3333,https://instagram.com/romie_3333,
romuzan,https://instagram.com/romuzan,
ronjavanheyningen,https://instagram.com/ronjavanheyningen,
ronsimpson,https://instagram.com/ronsimpson,
roomfifty,https://instagram.com/roomfifty,
rosa.stil,https://instagram.com/rosa.stil,
rosamoolenang,https://instagram.com/rosamoolenang,
rosies.nijmegen,https://instagram.com/rosies.nijmegen,
rossteperek,https://instagram.com/rossteperek,
rotganzen,https://instagram.com/rotganzen,
rowydaa,https://instagram.com/rowydaa,
roxanne89official,https://instagram.com/roxanne89official,
royberkenhamer,https://instagram.com/royberkenhamer,
roysapuletej,https://instagram.com/roysapuletej,
rozemarijnwesterink,https://instagram.com/rozemarijnwesterink,
rucksack_records,https://instagram.com/rucksack_records,
rushmodels,https://instagram.com/rushmodels,
ryanmerrett,https://instagram.com/ryanmerrett,
sabine_cohen,https://instagram.com/sabine_cohen,
sabryamroussi,https://instagram.com/sabryamroussi,
sabvw,https://instagram.com/sabvw,
sacha_selhi,https://instagram.com/sacha_selhi,
sadafshahzadmarketing,https://instagram.com/sadafshahzadmarketing,
sadgurllllll1994,https://instagram.com/sadgurllllll1994,
safarimoon,https://instagram.com/safarimoon,
salaam.travel,https://instagram.com/salaam.travel,
salmari.beyondthedark,https://instagram.com/salmari.beyondthedark,
salome.lancolia2,https://instagram.com/salome.lancolia2,
sam.mowgli.andrea,https://instagram.com/sam.mowgli.andrea,
sambuusam,https://instagram.com/sambuusam,
samiadhb,https://instagram.com/samiadhb,
sander__wassink,https://instagram.com/sander__wassink,
sander_reijgers,https://instagram.com/sander_reijgers,
sandrajahn108,https://instagram.com/sandrajahn108,
sandro_film,https://instagram.com/sandro_film,
sandroferraccini_hairstylist,https://instagram.com/sandroferraccini_hairstylist,
sanne.vanhattum,https://instagram.com/sanne.vanhattum,
sara_dvgn,https://instagram.com/sara_dvgn,
sarabii____,https://instagram.com/sarabii____,
sarabrzezinska,https://instagram.com/sarabrzezinska,
sarahohlova,https://instagram.com/sarahohlova,
sashakalashnikovaphoto,https://instagram.com/sashakalashnikovaphoto,
sashikodenim,https://instagram.com/sashikodenim,
satan_isagentleman,https://instagram.com/satan_isagentleman,
sayacandle,https://instagram.com/sayacandle,
scandy.did.it,https://instagram.com/scandy.did.it,
scarlettquimby,https://instagram.com/scarlettquimby,
schuetzstorm,https://instagram.com/schuetzstorm,
scottishdaisylove,https://instagram.com/scottishdaisylove,
scottynarcise,https://instagram.com/scottynarcise,
scylasensa,https://instagram.com/scylasensa,
sebasheil,https://instagram.com/sebasheil,
seesyou,https://instagram.com/seesyou,
sekundenleben,https://instagram.com/sekundenleben,
selaholkeson_photography,https://instagram.com/selaholkeson_photography,
sellamolenaar,https://instagram.com/sellamolenaar,
sere_diva,https://instagram.com/sere_diva,
serge_steijn,https://instagram.com/serge_steijn,
sergesteijn_streetphotography,https://instagram.com/sergesteijn_streetphotography,
servicecoststudio,https://instagram.com/servicecoststudio,
sexskateboards,https://instagram.com/sexskateboards,
shari.inessa,https://instagram.com/shari.inessa,
sharonbruck,https://instagram.com/sharonbruck,
shaunbloodworth,https://instagram.com/shaunbloodworth,
shed.tlv,https://instagram.com/shed.tlv,
sheee_it_,https://instagram.com/sheee_it_,
sherban_lupu,https://instagram.com/sherban_lupu,
sherbataya_luna,https://instagram.com/sherbataya_luna,
shirienxx,https://instagram.com/shirienxx,
shiron_the_iron,https://instagram.com/shiron_the_iron,
shito_kryto,https://instagram.com/shito_kryto,
shootyourstyle,https://instagram.com/shootyourstyle,
shortyulia,https://instagram.com/shortyulia,
shurevna.a,https://instagram.com/shurevna.a,
si_melber_studio,https://instagram.com/si_melber_studio,
sickboy_69,https://instagram.com/sickboy_69,
silvis0lar,https://instagram.com/silvis0lar,
silvisis,https://instagram.com/silvisis,
simon_schrikker,https://instagram.com/simon_schrikker,
simone.sassmannshausen,https://instagram.com/simone.sassmannshausen,
simonjwoolf,https://instagram.com/simonjwoolf,
simonwaldlasowski,https://instagram.com/simonwaldlasowski,
sjaakkooij,https://instagram.com/sjaakkooij,
sjanachan,https://instagram.com/sjanachan,
skybox.nl,https://instagram.com/skybox.nl,
slagt3ri,https://instagram.com/slagt3ri,
slutfairy,https://instagram.com/slutfairy,
smaakmakersxl,https://instagram.com/smaakmakersxl,
smartdistancelab,https://instagram.com/smartdistancelab,
smel.nl,https://instagram.com/smel.nl,
smokrea,https://instagram.com/smokrea,
sneakattack.ro,https://instagram.com/sneakattack.ro,
snffnglu,https://instagram.com/snffnglu,
snoecks4ever,https://instagram.com/snoecks4ever,
snowburnerrocks,https://instagram.com/snowburnerrocks,
so_na_ko,https://instagram.com/so_na_ko,
soeurssiamoises,https://instagram.com/soeurssiamoises,
sofiekramer_performance,https://instagram.com/sofiekramer_performance,
sofuckinganimal,https://instagram.com/sofuckinganimal,
somethingveryspecial.co,https://instagram.com/somethingveryspecial.co,
sonolaura,https://instagram.com/sonolaura,
sophieliverman,https://instagram.com/sophieliverman,
sorserez,https://instagram.com/sorserez,
soundofzzz,https://instagram.com/soundofzzz,
spaceinside,https://instagram.com/spaceinside,
sparkly.nonsense,https://instagram.com/sparkly.nonsense,
speedyharmony,https://instagram.com/speedyharmony,
spelajambrek,https://instagram.com/spelajambrek,
spicygobou,https://instagram.com/spicygobou,
spionenrokje,https://instagram.com/spionenrokje,
sproetjeskoningin,https://instagram.com/sproetjeskoningin,
stefach,https://instagram.com/stefach,
stefan_tanz,https://instagram.com/stefan_tanz,
stefanietodorov,https://instagram.com/stefanietodorov,
stephastique,https://instagram.com/stephastique,
stevenstone,https://instagram.com/stevenstone,
sticks_and_stones_agency,https://instagram.com/sticks_and_stones_agency,
stigmaticon,https://instagram.com/stigmaticon,
stijlish,https://instagram.com/stijlish,
stinalie,https://instagram.com/stinalie,
stofenas,https://instagram.com/stofenas,
stryginna,https://instagram.com/stryginna,
studio.1931,https://instagram.com/studio.1931,
studio.denitsa.todorova,https://instagram.com/studio.denitsa.todorova,
studio.f.amsterdam,https://instagram.com/studio.f.amsterdam,
studio_oraya_soeren_siebel,https://instagram.com/studio_oraya_soeren_siebel,
studio_takeover,https://instagram.com/studio_takeover,
studio_thickhead,https://instagram.com/studio_thickhead,
studioalexdewitte,https://instagram.com/studioalexdewitte,
studiojacket,https://instagram.com/studiojacket,
studiothiervandaalen,https://instagram.com/studiothiervandaalen,
sudanshushekhar,https://instagram.com/sudanshushekhar,
sunny_jansen_,https://instagram.com/sunny_jansen_,
superstories,https://instagram.com/superstories,
superwowagency,https://instagram.com/superwowagency,
suprinazahraei,https://instagram.com/suprinazahraei,
susan_de_groot,https://instagram.com/susan_de_groot,
susana.ljuljanovic,https://instagram.com/susana.ljuljanovic,
susanandersonphoto,https://instagram.com/susanandersonphoto,
svtlnmart,https://instagram.com/svtlnmart,
swarmmag,https://instagram.com/swarmmag,
sweetielisciouss,https://instagram.com/sweetielisciouss,
swiffer_roux,https://instagram.com/swiffer_roux,
sylwia.mickie,https://instagram.com/sylwia.mickie,
t.habata,https://instagram.com/t.habata,
taarasovadaria,https://instagram.com/taarasovadaria,
tabbywilddesign,https://instagram.com/tabbywilddesign,
table_faces,https://instagram.com/table_faces,
tafl,https://instagram.com/tafl,
tainasasa,https://instagram.com/tainasasa,
takemetoannama,https://instagram.com/takemetoannama,
talithakuma,https://instagram.com/talithakuma,
tanchik8888,https://instagram.com/tanchik8888,
tanginoari,https://instagram.com/tanginoari,
tanisha.tst,https://instagram.com/tanisha.tst,
tanjak0k,https://instagram.com/tanjak0k,
tanjaritterbex,https://instagram.com/tanjaritterbex,
tanyamitchell_,https://instagram.com/tanyamitchell_,
tanyaromanovaa,https://instagram.com/tanyaromanovaa,
taye_dinverno,https://instagram.com/taye_dinverno,
taysoncharel,https://instagram.com/taysoncharel,
tedlangenbach,https://instagram.com/tedlangenbach,
tedmeeder97,https://instagram.com/tedmeeder97,
tehamour,https://instagram.com/tehamour,
terry.rodgers,https://instagram.com/terry.rodgers,
tess_mirani,https://instagram.com/tess_mirani,
tessa__kuragi,https://instagram.com/tessa__kuragi,
tessgd,https://instagram.com/tessgd,
textmuseum,https://instagram.com/textmuseum,
thaliagiardini_,https://instagram.com/thaliagiardini_,
thanking_____you,https://instagram.com/thanking_____you,
thea.carley,https://instagram.com/thea.carley,
theamericanbookcenter,https://instagram.com/theamericanbookcenter,
thedyneemaproject,https://instagram.com/thedyneemaproject,
thefindmag,https://instagram.com/thefindmag,
thehoodsnake,https://instagram.com/thehoodsnake,
thejuliahanifa,https://instagram.com/thejuliahanifa,
thequietthunder,https://instagram.com/thequietthunder,
thera.sfeerbeheer,https://instagram.com/thera.sfeerbeheer,
therealethannguyen,https://instagram.com/therealethannguyen,
theselostyears,https://instagram.com/theselostyears,
thexalorin,https://instagram.com/thexalorin,
thijs.zweers,https://instagram.com/thijs.zweers,
thijssen_art,https://instagram.com/thijssen_art,
thingsthatididsee,https://instagram.com/thingsthatididsee,
thiskaa,https://instagram.com/thiskaa,
thomasrwood,https://instagram.com/thomasrwood,
thommeerdink,https://instagram.com/thommeerdink,
thomvrrr,https://instagram.com/thomvrrr,
tijnblijftzacht,https://instagram.com/tijnblijftzacht,
tim.pennings,https://instagram.com/tim.pennings,
timabaldin,https://instagram.com/timabaldin,
tinkebell,https://instagram.com/tinkebell,
tintinhau,https://instagram.com/tintinhau,
tiphipole,https://instagram.com/tiphipole,
titi_andrea,https://instagram.com/titi_andrea,
tmkspr,https://instagram.com/tmkspr,
tomandlux,https://instagram.com/tomandlux,
tombroz,https://instagram.com/tombroz,
tomerversace,https://instagram.com/tomerversace,
tommysimauw.art,https://instagram.com/tommysimauw.art,
tommywharfe,https://instagram.com/tommywharfe,
tommyztoko,https://instagram.com/tommyztoko,
tomorrows_hangover,https://instagram.com/tomorrows_hangover,
tomorrowsnevercome,https://instagram.com/tomorrowsnevercome,
toooth,https://instagram.com/toooth,
torchgallery,https://instagram.com/torchgallery,
tristanmelano,https://instagram.com/tristanmelano,
tsarmadoff,https://instagram.com/tsarmadoff,
tsofiah,https://instagram.com/tsofiah,
tula_k_mrozek,https://instagram.com/tula_k_mrozek,
twelvefeb,https://instagram.com/twelvefeb,
tydysch,https://instagram.com/tydysch,
tyronetjonaloi,https://instagram.com/tyronetjonaloi,
undercrankedrepresents,https://instagram.com/undercrankedrepresents,
unseenphotofair,https://instagram.com/unseenphotofair,
v.silente,https://instagram.com/v.silente,
v3tro,https://instagram.com/v3tro,
vadim__kostrov__,https://instagram.com/vadim__kostrov__,
vag.elito,https://instagram.com/vag.elito,
valentijnvanderhulst,https://instagram.com/valentijnvanderhulst,
valentina_jacks,https://instagram.com/valentina_jacks,
valentinabodesman,https://instagram.com/valentinabodesman,
valentinageorgiapegorer,https://instagram.com/valentinageorgiapegorer,
valleyof_thed0lls,https://instagram.com/valleyof_thed0lls,
van_bennekom,https://instagram.com/van_bennekom,
vanderleer.peter,https://instagram.com/vanderleer.peter,
vanderwoningwally,https://instagram.com/vanderwoningwally,
vanessitavaness,https://instagram.com/vanessitavaness,
vangoghstudio_amsterdam,https://instagram.com/vangoghstudio_amsterdam,
vanvanzundert,https://instagram.com/vanvanzundert,
vbeltikov,https://instagram.com/vbeltikov,
veeremma,https://instagram.com/veeremma,
venimagazine,https://instagram.com/venimagazine,
verakurpershoek,https://instagram.com/verakurpershoek,
verenatalitha,https://instagram.com/verenatalitha,
verrakovaleva,https://instagram.com/verrakovaleva,
viceluna,https://instagram.com/viceluna,
vicenteandino,https://instagram.com/vicenteandino,
victief_,https://instagram.com/victief_,
victional_,https://instagram.com/victional_,
victorstudulski,https://instagram.com/victorstudulski,
vie.culinair,https://instagram.com/vie.culinair,
viktorandrolfthecats,https://instagram.com/viktorandrolfthecats,
vip6rsnip6r,https://instagram.com/vip6rsnip6r,
vitaminv.video,https://instagram.com/vitaminv.video,
volkskrantmagazine,https://instagram.com/volkskrantmagazine,
voomatt,https://instagram.com/voomatt,
vriendvanbavink,https://instagram.com/vriendvanbavink,
vrogini,https://instagram.com/vrogini,
vvasting_time,https://instagram.com/vvasting_time,
w139amsterdam,https://instagram.com/w139amsterdam,
walnutwax,https://instagram.com/walnutwax,
waone_interesnikazki,https://instagram.com/waone_interesnikazki,
warsteinernl,https://instagram.com/warsteinernl,
wastelandparty,https://instagram.com/wastelandparty,
waynehorse,https://instagram.com/waynehorse,
wearetheguysams,https://instagram.com/wearetheguysams,
wecallitstitch,https://instagram.com/wecallitstitch,
wennah.wilkers,https://instagram.com/wennah.wilkers,
whale.amsterdam,https://instagram.com/whale.amsterdam,
whoisadasever,https://instagram.com/whoisadasever,
willemijn_dewit,https://instagram.com/willemijn_dewit,
willemlovesplants,https://instagram.com/willemlovesplants,
william_sabbah,https://instagram.com/william_sabbah,
williamdjoko,https://instagram.com/williamdjoko,
wjrphoto,https://instagram.com/wjrphoto,
wladimir_hates,https://instagram.com/wladimir_hates,
wlf359,https://instagram.com/wlf359,
wojciechbarczuk,https://instagram.com/wojciechbarczuk,
wolff_beer,https://instagram.com/wolff_beer,
wouter_nijland_nl,https://instagram.com/wouter_nijland_nl,
xavier_b_photo,https://instagram.com/xavier_b_photo,
xavierjamaux,https://instagram.com/xavierjamaux,
xinyubae,https://instagram.com/xinyubae,
xpalesaentx,https://instagram.com/xpalesaentx,
xramsterdam,https://instagram.com/xramsterdam,
xtnmusic,https://instagram.com/xtnmusic,
xuaf_username,https://instagram.com/xuaf_username,
xy.mmm.ax,https://instagram.com/xy.mmm.ax,
yannickmariana,https://instagram.com/yannickmariana,
yazzzzloves,https://instagram.com/yazzzzloves,
yedihael,https://instagram.com/yedihael,
yiyi_chen,https://instagram.com/yiyi_chen,
ylj.a,https://instagram.com/ylj.a,
you.rinka,https://instagram.com/you.rinka,
youcallmechaton_,https://instagram.com/youcallmechaton_,
yourinacalls,https://instagram.com/yourinacalls,
yousra.khiyate,https://instagram.com/yousra.khiyate,
yuinawada,https://instagram.com/yuinawada,
yume_mag,https://instagram.com/yume_mag,
yvessew,https://instagram.com/yvessew,
zagon.film,https://instagram.com/zagon.film,
zdulsky,https://instagram.com/zdulsky,
zelda_zooonk,https://instagram.com/zelda_zooonk,
zeluma77,https://instagram.com/zeluma77,
zemihduman,https://instagram.com/zemihduman,
zero_pixel_ph,https://instagram.com/zero_pixel_ph,
zombiachan,https://instagram.com/zombiachan,
zonevii,https://instagram.com/zonevii,